Title,NewAirDate
Let He Who Is Without Sin,11-Nov-96
Basics,20-May-96
Flashback,09-Nov-96
The Chute,18-Sep-96
False Profits,02-Oct-96
Future's End,06-Nov-96
The Q and the Grey,27-Nov-96
Macrocosm,11-Dec-96
Alter Ego,15-Jan-97
Coda,29-Jan-97
Blood Fever,05-Feb-97
Darkling,19-Feb-97
Rise,26-Feb-97
Distant Origin,30-Apr-97
Displaced,07-May-97
Worst Case Scenario,14-May-97
Scorpion,21-May-97
Scientific Method,29-Oct-97
Equinox,26-May-99
Unimatrix Zero,24-May-00
Year of Hell,05-Nov-97
Workforce,21-Feb-01
